"pictureID";"pathWhereItsNotFound"
72228;"previews/26/72228_s.jpeg"
97919;"images/33/97919.tif"
97949;"images/33/97949.tif"
98069;"images/33/98069.tif"
98129;"images/33/98129.tif"
98195;"images/33/98195.tif"
98136;"images/33/98136.tif"
98174;"images/33/98174.tif"
98300;"images/33/98300.tif"
98410;"images/33/98410.tif"
98460;"images/33/98460.tif"
98649;"images/33/98649.tif"
98614;"images/33/98614.tif"
98859;"images/33/98859.tif"
99041;"images/33/99041.tif"
99181;"images/33/99181.tif"
99321;"images/33/99321.tif"
99370;"images/33/99370.tif"
99398;"images/33/99398.tif"
99538;"images/33/99538.tif"
99636;"images/33/99636.tif"
99684;"images/33/99684.tif"
99860;"images/33/99860.tif"
99951;"images/33/99951.tif"
100007;"images/33/100007.tif"
100070;"images/33/100070.tif"
100084;"images/33/100084.tif"
100224;"images/33/100224.tif"
100392;"images/33/100392.tif"
101042;"images/33/101042.tif"
101168;"images/33/101168.tif"
101133;"images/33/101133.tif"
101210;"images/33/101210.tif"
101224;"images/33/101224.tif"
101336;"images/33/101336.tif"
101273;"images/33/101273.tif"
101420;"images/33/101420.tif"
101406;"images/33/101406.tif"
101554;"images/33/101554.tif"
101596;"images/33/101596.tif"
101750;"images/33/101750.tif"
101826;"images/33/101826.tif"
101945;"images/33/101945.tif"
102177;"images/33/102177.tif"
102156;"images/33/102156.tif"
102288;"images/33/102288.tif"
102414;"images/33/102414.tif"
102596;"images/33/102596.tif"
102701;"images/33/102701.tif"
102940;"images/33/102940.tif"
103003;"images/33/103003.tif"
103629;"images/33/103629.tif"
103727;"images/33/103727.tif"
103755;"images/33/103755.tif"
103720;"images/33/103720.tif"
103797;"images/33/103797.tif"
104245;"images/33/104245.tif"
104777;"images/33/104777.tif"
104840;"images/33/104840.tif"
105400;"images/33/105400.tif"
105444;"images/33/105444.tif"
105906;"images/33/105906.tif"
105982;"images/33/105982.tif"
106051;"images/33/106051.tif"
106170;"images/33/106170.tif"
106199;"images/33/106199.tif"
21989;"images/0/21989.tif"
41194;"images/0/41194.tif"
82678;"previews/31/82678_s.jpeg"
97989;"images/33/97989.tif"
98209;"images/33/98209.tif"
98223;"images/33/98223.tif"
98663;"images/33/98663.tif"
98894;"images/33/98894.tif"
98943;"images/33/98943.tif"
99027;"images/33/99027.tif"
98999;"images/33/98999.tif"
99188;"images/33/99188.tif"
99433;"images/33/99433.tif"
99587;"images/33/99587.tif"
99608;"images/33/99608.tif"
99698;"images/33/99698.tif"
99986;"images/33/99986.tif"
100182;"images/33/100182.tif"
100448;"images/33/100448.tif"
100623;"images/33/100623.tif"
100797;"images/33/100797.tif"
100888;"images/33/100888.tif"
100951;"images/33/100951.tif"
101329;"images/33/101329.tif"
101518;"images/33/101518.tif"
101757;"images/33/101757.tif"
101812;"images/33/101812.tif"
101924;"images/33/101924.tif"
101910;"images/33/101910.tif"
101973;"images/33/101973.tif"
102036;"images/33/102036.tif"
102554;"images/33/102554.tif"
102673;"images/33/102673.tif"
102807;"images/33/102807.tif"
102933;"images/33/102933.tif"
103115;"images/33/103115.tif"
103150;"images/33/103150.tif"
103241;"images/33/103241.tif"
103304;"images/33/103304.tif"
103325;"images/33/103325.tif"
103951;"images/33/103951.tif"
103923;"images/33/103923.tif"
103979;"images/33/103979.tif"
104084;"images/33/104084.tif"
104042;"images/33/104042.tif"
104112;"images/33/104112.tif"
104147;"images/33/104147.tif"
104350;"images/33/104350.tif"
104443;"images/33/104443.tif"
104534;"images/33/104534.tif"
104602;"images/33/104602.tif"
104623;"images/33/104623.tif"
104826;"images/33/104826.tif"
104947;"images/33/104947.tif"
105248;"images/33/105248.tif"
105185;"images/33/105185.tif"
105262;"images/33/105262.tif"
105304;"images/33/105304.tif"
105374;"images/33/105374.tif"
105388;"images/33/105388.tif"
105570;"images/33/105570.tif"
105696;"images/33/105696.tif"
105822;"images/33/105822.tif"
105799;"images/33/105799.tif"
105996;"images/33/105996.tif"
105995;"images/33/105995.tif"
106108;"images/33/106108.tif"
106184;"images/33/106184.tif"
106227;"images/33/106227.tif"
33446;"previews/381/33446_s.jpeg"
98017;"images/33/98017.tif"
98041;"images/33/98041.tif"
98048;"images/33/98048.tif"
98188;"images/33/98188.tif"
98314;"images/33/98314.tif"
98338;"images/33/98338.tif"
98551;"images/33/98551.tif"
98915;"images/33/98915.tif"
98964;"images/33/98964.tif"
99013;"images/33/99013.tif"
99020;"images/33/99020.tif"
99104;"images/33/99104.tif"
99216;"images/33/99216.tif"
99258;"images/33/99258.tif"
99391;"images/33/99391.tif"
99489;"images/33/99489.tif"
99384;"images/33/99384.tif"
99761;"images/33/99761.tif"
99803;"images/33/99803.tif"
99831;"images/33/99831.tif"
99845;"images/33/99845.tif"
99916;"images/33/99916.tif"
99852;"images/33/99852.tif"
99923;"images/33/99923.tif"
100000;"images/33/100000.tif"
100189;"images/33/100189.tif"
100217;"images/33/100217.tif"
100287;"images/33/100287.tif"
100378;"images/33/100378.tif"
100336;"images/33/100336.tif"
100595;"images/33/100595.tif"
100581;"images/33/100581.tif"
100588;"images/33/100588.tif"
100616;"thumbnails/33/100616_t.jpeg"
100727;"images/33/100727.tif"
100769;"images/33/100769.tif"
100783;"images/33/100783.tif"
100846;"images/33/100846.tif"
101140;"images/33/101140.tif"
101154;"images/33/101154.tif"
101217;"images/33/101217.tif"
101266;"images/33/101266.tif"
101245;"images/33/101245.tif"
101371;"images/33/101371.tif"
101385;"images/33/101385.tif"
101357;"images/33/101357.jpg"
101399;"images/33/101399.tif"
101589;"images/33/101589.tif"
101854;"images/33/101854.tif"
101896;"images/33/101896.tif"
101980;"images/33/101980.tif"
102106;"images/33/102106.tif"
102085;"images/33/102085.tif"
102267;"images/33/102267.tif"
102463;"images/33/102463.tif"
102491;"images/33/102491.tif"
102561;"images/33/102561.tif"
102652;"images/33/102652.tif"
102912;"images/33/102912.tif"
102870;"images/33/102870.tif"
102877;"images/33/102877.tif"
102947;"images/33/102947.tif"
103164;"images/33/103164.tif"
103157;"images/33/103157.tif"
103178;"images/33/103178.tif"
103234;"images/33/103234.tif"
103374;"images/33/103374.tif"
103587;"images/33/103587.tif"
103825;"images/33/103825.tif"
104014;"images/33/104014.tif"
104049;"images/33/104049.tif"
104238;"images/33/104238.tif"
104357;"images/33/104357.tif"
104422;"images/33/104422.tif"
104385;"images/33/104385.tif"
104406;"images/33/104406.tif"
104569;"images/33/104569.tif"
104485;"images/33/104485.tif"
104609;"images/33/104609.tif"
104672;"images/33/104672.tif"
104700;"images/33/104700.tif"
104868;"images/33/104868.tif"
104933;"images/33/104933.tif"
105129;"images/33/105129.tif"
105115;"images/33/105115.tif"
105241;"images/33/105241.tif"
105178;"images/33/105178.tif"
105220;"images/33/105220.tif"
105353;"images/33/105353.tif"
105512;"images/33/105512.tif"
105484;"images/33/105484.tif"
105582;"images/33/105582.tif"
105526;"images/33/105526.tif"
105967;"images/33/105967.tif"
106206;"images/33/106206.tif"
97964;"images/33/97964.tif"
98111;"images/33/98111.tif"
98404;"images/33/98404.tif"
98368;"images/33/98368.tif"
98452;"images/33/98452.tif"
98467;"images/33/98467.tif"
98488;"images/33/98488.tif"
98635;"images/33/98635.tif"
98719;"images/33/98719.tif"
98992;"images/33/98992.tif"
99097;"images/33/99097.tif"
99062;"images/33/99062.tif"
99405;"images/33/99405.tif"
99580;"images/33/99580.tif"
99559;"images/33/99559.tif"
99615;"images/33/99615.tif"
99629;"images/33/99629.tif"
99622;"images/33/99622.tif"
99733;"images/33/99733.tif"
99775;"images/33/99775.tif"
99838;"images/33/99838.tif"
99902;"images/33/99902.tif"
100343;"images/33/100343.tif"
100504;"images/33/100504.tif"
100706;"images/33/100706.tif"
100678;"images/33/100678.tif"
100762;"images/33/100762.tif"
100790;"images/33/100790.tif"
100965;"images/33/100965.tif"
101196;"images/33/101196.tif"
101252;"images/33/101252.tif"
101280;"images/33/101280.tif"
101833;"images/33/101833.tif"
101931;"images/33/101931.tif"
102043;"images/33/102043.tif"
102120;"images/33/102120.tif"
102099;"images/33/102099.tif"
102190;"images/33/102190.tif"
102232;"images/33/102232.tif"
102281;"images/33/102281.tif"
102519;"images/33/102519.tif"
102884;"images/33/102884.tif"
102961;"images/33/102961.tif"
102968;"images/33/102968.tif"
102954;"images/33/102954.tif"
103038;"images/33/103038.tif"
103087;"images/33/103087.tif"
103192;"images/33/103192.tif"
103227;"images/33/103227.tif"
103255;"images/33/103255.tif"
103402;"images/33/103402.tif"
103552;"images/33/103552.tif"
103636;"images/33/103636.tif"
103657;"images/33/103657.tif"
103643;"images/33/103643.tif"
103734;"images/33/103734.tif"
103678;"images/33/103678.tif"
103811;"images/33/103811.tif"
103944;"images/33/103944.tif"
104091;"images/33/104091.tif"
104252;"images/33/104252.tif"
104294;"images/33/104294.tif"
104464;"images/33/104464.tif"
104527;"images/33/104527.tif"
104665;"images/33/104665.tif"
104707;"images/33/104707.tif"
104905;"images/33/104905.tif"
104912;"images/33/104912.tif"
104919;"images/33/104919.tif"
105073;"images/33/105073.tif"
105325;"images/33/105325.tif"
105339;"images/33/105339.tif"
105960;"images/33/105960.tif"
106073;"images/33/106073.tif"
106143;"images/33/106143.tif"
106241;"images/33/106241.tif"
106215;"images/33/106215.tif"
72228;"thumbnails/26/72228_t.jpeg"
82678;"thumbnails/31/82678_t.jpeg"
97996;"images/33/97996.tif"
98097;"images/33/98097.tif"
98143;"images/33/98143.tif"
98230;"images/33/98230.tif"
98244;"images/33/98244.tif"
98307;"images/33/98307.tif"
98434;"images/33/98434.tif"
98392;"images/33/98392.tif"
98642;"images/33/98642.tif"
98579;"images/33/98579.tif"
98607;"images/33/98607.tif"
98628;"images/33/98628.tif"
98803;"images/33/98803.tif"
98810;"images/33/98810.tif"
99076;"images/33/99076.tif"
99223;"images/33/99223.tif"
99167;"images/33/99167.tif"
99230;"images/33/99230.tif"
99300;"images/33/99300.tif"
99314;"images/33/99314.tif"
99377;"images/33/99377.tif"
99705;"images/33/99705.tif"
99712;"images/33/99712.tif"
99979;"images/33/99979.tif"
100063;"images/33/100063.tif"
100203;"images/33/100203.tif"
100273;"images/33/100273.tif"
100441;"images/33/100441.tif"
100539;"images/33/100539.tif"
100637;"images/33/100637.tif"
100881;"images/33/100881.tif"
100902;"images/33/100902.tif"
100972;"images/33/100972.tif"
100986;"images/33/100986.tif"
101056;"images/33/101056.tif"
101035;"images/33/101035.tif"
101175;"images/33/101175.tif"
101301;"images/33/101301.tif"
101378;"images/33/101378.tif"
101694;"images/33/101694.tif"
101791;"images/33/101791.tif"
101868;"images/33/101868.tif"
101917;"images/33/101917.tif"
101994;"images/33/101994.tif"
102142;"images/33/102142.tif"
102225;"images/33/102225.tif"
102197;"images/33/102197.tif"
102302;"images/33/102302.tif"
102449;"images/33/102449.tif"
102442;"images/33/102442.tif"
102407;"images/33/102407.tif"
102723;"images/33/102723.tif"
102800;"images/33/102800.tif"
102835;"images/33/102835.tif"
102919;"images/33/102919.tif"
102898;"images/33/102898.tif"
102989;"images/33/102989.tif"
103276;"images/33/103276.tif"
103486;"images/33/103486.tif"
103545;"images/33/103545.tif"
103559;"images/33/103559.tif"
103650;"images/33/103650.tif"
103783;"images/33/103783.tif"
103741;"images/33/103741.tif"
104182;"images/33/104182.tif"
104196;"images/33/104196.tif"
104336;"images/33/104336.tif"
104555;"images/33/104555.tif"
104513;"images/33/104513.tif"
104492;"images/33/104492.tif"
104583;"images/33/104583.tif"
105003;"images/33/105003.tif"
105031;"images/33/105031.tif"
105066;"images/33/105066.tif"
105255;"images/33/105255.tif"
105276;"images/33/105276.tif"
105437;"images/33/105437.tif"
105421;"images/33/105421.tif"
105542;"images/33/105542.tif"
105598;"images/33/105598.tif"
105668;"images/33/105668.tif"
105843;"images/33/105843.tif"
105920;"images/33/105920.tif"
105885;"images/33/105885.tif"
106163;"images/33/106163.tif"
106205;"images/33/106205.tif"
66701;"previews/0/66701_s.jpeg"
97934;"images/33/97934.tif"
97944;"images/33/97944.tif"
98076;"images/33/98076.tif"
98027;"images/33/98027.tif"
98164;"images/33/98164.tif"
98474;"images/33/98474.tif"
98572;"images/33/98572.tif"
98985;"images/33/98985.tif"
98957;"images/33/98957.tif"
99069;"images/33/99069.tif"
99055;"images/33/99055.tif"
99146;"images/33/99146.tif"
99160;"images/33/99160.tif"
99503;"images/33/99503.tif"
100126;"images/33/100126.tif"
100077;"images/33/100077.tif"
100266;"images/33/100266.tif"
100210;"images/33/100210.tif"
100364;"images/33/100364.tif"
100420;"images/33/100420.tif"
100755;"images/33/100755.tif"
100937;"images/33/100937.tif"
101105;"images/33/101105.tif"
101203;"images/33/101203.tif"
101434;"images/33/101434.tif"
101476;"images/33/101476.tif"
101497;"images/33/101497.tif"
101568;"images/33/101568.tif"
101575;"images/33/101575.tif"
101610;"images/33/101610.tif"
101715;"images/33/101715.tif"
101805;"images/33/101805.tif"
101819;"images/33/101819.tif"
101938;"images/33/101938.tif"
102316;"images/33/102316.tif"
102715;"images/33/102715.tif"
102737;"images/33/102737.tif"
102758;"images/33/102758.tif"
103045;"images/33/103045.tif"
103129;"images/33/103129.tif"
103220;"images/33/103220.tif"
103381;"images/33/103381.tif"
103395;"images/33/103395.tif"
103458;"images/33/103458.tif"
103479;"images/33/103479.tif"
103451;"images/33/103451.tif"
103867;"images/33/103867.tif"
104007;"images/33/104007.tif"
104035;"images/33/104035.tif"
104105;"images/33/104105.tif"
104210;"images/33/104210.tif"
104203;"images/33/104203.tif"
104259;"images/33/104259.tif"
104266;"images/33/104266.tif"
104308;"images/33/104308.tif"
104343;"images/33/104343.tif"
104541;"images/33/104541.tif"
104590;"images/33/104590.tif"
104728;"images/33/104728.tif"
104812;"images/33/104812.tif"
104861;"images/33/104861.tif"
104996;"images/33/104996.tif"
105038;"images/33/105038.tif"
105479;"images/33/105479.tif"
105498;"images/33/105498.tif"
105549;"images/33/105549.tif"
105815;"images/33/105815.tif"
105785;"images/33/105785.tif"
105806;"images/33/105806.tif"
105850;"images/33/105850.tif"
106093;"images/33/106093.tif"
21604;"images/0/21604.tif"
23848;"images/0/23848.tif"
33446;"thumbnails/381/33446_t.jpeg"
71683;"thumbnails/26/71683_t.jpeg"
97914;"images/33/97914.tif"
98062;"images/33/98062.tif"
98125;"images/33/98125.tif"
98272;"images/33/98272.tif"
98481;"images/33/98481.tif"
98593;"images/33/98593.tif"
98670;"images/33/98670.tif"
98754;"images/33/98754.tif"
98775;"images/33/98775.tif"
98880;"images/33/98880.tif"
99090;"images/33/99090.tif"
99335;"images/33/99335.tif"
99412;"images/33/99412.tif"
99573;"images/33/99573.tif"
99531;"images/33/99531.tif"
99510;"images/33/99510.tif"
99594;"images/33/99594.tif"
99656;"images/33/99656.tif"
99670;"images/33/99670.tif"
99719;"images/33/99719.tif"
99754;"images/33/99754.tif"
99768;"images/33/99768.tif"
99782;"images/33/99782.tif"
99895;"images/33/99895.tif"
99867;"images/33/99867.tif"
99944;"images/33/99944.tif"
99965;"images/33/99965.tif"
100028;"images/33/100028.tif"
100168;"images/33/100168.tif"
100294;"images/33/100294.tif"
100469;"images/33/100469.tif"
100427;"images/33/100427.tif"
100546;"images/33/100546.tif"
100811;"images/33/100811.tif"
100804;"images/33/100804.tif"
101259;"images/33/101259.tif"
101736;"images/33/101736.tif"
102092;"images/33/102092.tif"
102064;"images/33/102064.tif"
102211;"images/33/102211.tif"
102680;"images/33/102680.tif"
102842;"images/33/102842.tif"
103430;"images/33/103430.tif"
103517;"images/33/103517.tif"
103538;"images/33/103538.tif"
103615;"images/33/103615.tif"
103601;"images/33/103601.tif"
103692;"images/33/103692.tif"
103846;"images/33/103846.tif"
103888;"images/33/103888.tif"
103902;"images/33/103902.tif"
103937;"images/33/103937.tif"
103965;"images/33/103965.tif"
104499;"images/33/104499.tif"
104576;"images/33/104576.tif"
104693;"images/33/104693.tif"
104854;"images/33/104854.tif"
104898;"images/33/104898.tif"
104926;"images/33/104926.tif"
104954;"images/33/104954.tif"
105122;"images/33/105122.tif"
105290;"images/33/105290.tif"
105367;"images/33/105367.tif"
105414;"images/33/105414.tif"
105533;"images/33/105533.tif"
105640;"images/33/105640.tif"
105675;"images/33/105675.tif"
105731;"images/33/105731.tif"
105792;"images/33/105792.tif"
105829;"images/33/105829.tif"
105941;"images/33/105941.tif"
105913;"images/33/105913.tif"
105899;"images/33/105899.tif"
106136;"images/33/106136.tif"
106255;"images/33/106255.tif"
31052;"thumbnails/381/31052_t.jpeg"
97984;"images/33/97984.tif"
98118;"images/33/98118.tif"
98321;"images/33/98321.tif"
98326;"images/33/98326.tif"
98356;"images/33/98356.tif"
98380;"images/33/98380.tif"
98621;"images/33/98621.tif"
98705;"images/33/98705.tif"
98817;"images/33/98817.tif"
99048;"images/33/99048.tif"
99209;"images/33/99209.tif"
99265;"images/33/99265.tif"
99419;"images/33/99419.tif"
99740;"images/33/99740.tif"
99824;"images/33/99824.tif"
99874;"images/33/99874.tif"
100056;"images/33/100056.tif"
100049;"images/33/100049.tif"
100140;"images/33/100140.tif"
100413;"images/33/100413.tif"
100406;"images/33/100406.tif"
100525;"images/33/100525.tif"
100664;"images/33/100664.tif"
100692;"images/33/100692.tif"
100867;"images/33/100867.tif"
100909;"images/33/100909.tif"
101007;"images/33/101007.tif"
101084;"images/33/101084.tif"
101350;"images/33/101350.tif"
101631;"images/33/101631.tif"
102149;"images/33/102149.tif"
102260;"images/33/102260.tif"
102295;"images/33/102295.tif"
102533;"images/33/102533.tif"
102694;"images/33/102694.tif"
102659;"images/33/102659.tif"
102814;"images/33/102814.tif"
102765;"images/33/102765.tif"
102828;"images/33/102828.tif"
102996;"images/33/102996.tif"
103024;"images/33/103024.tif"
103122;"images/33/103122.tif"
103213;"images/33/103213.tif"
103311;"images/33/103311.tif"
103297;"images/33/103297.tif"
103360;"images/33/103360.tif"
103437;"images/33/103437.tif"
103524;"images/33/103524.tif"
103608;"images/33/103608.tif"
103860;"images/33/103860.tif"
103930;"images/33/103930.tif"
104168;"images/33/104168.tif"
104364;"images/33/104364.tif"
104413;"images/33/104413.tif"
104562;"images/33/104562.tif"
104798;"images/33/104798.tif"
104870;"images/33/104870.tif"
104891;"images/33/104891.tif"
105143;"images/33/105143.tif"
105150;"images/33/105150.tif"
105269;"images/33/105269.tif"
105332;"images/33/105332.tif"
105381;"images/33/105381.tif"
105451;"images/33/105451.tif"
105689;"images/33/105689.tif"
105724;"images/33/105724.tif"
105778;"images/33/105778.tif"
105808;"images/33/105808.tif"
105974;"images/33/105974.tif"
106017;"images/33/106017.tif"
106024;"images/33/106024.tif"
106003;"images/33/106003.tif"
106086;"images/33/106086.tif"
106129;"images/33/106129.tif"
106198;"images/33/106198.tif"
48309;"thumbnails/0/48309_t.jpeg"
71618;"thumbnails/26/71618_t.jpeg"
98104;"images/33/98104.tif"
98181;"images/33/98181.tif"
98265;"images/33/98265.tif"
98374;"images/33/98374.tif"
98530;"images/33/98530.tif"
98677;"images/33/98677.tif"
98656;"images/33/98656.tif"
98782;"images/33/98782.tif"
98852;"images/33/98852.tif"
98845;"images/33/98845.tif"
98831;"images/33/98831.tif"
98936;"images/33/98936.tif"
98971;"images/33/98971.tif"
99251;"images/33/99251.tif"
99293;"images/33/99293.tif"
99566;"images/33/99566.tif"
99810;"images/33/99810.tif"
99958;"images/33/99958.tif"
100091;"images/33/100091.tif"
100154;"images/33/100154.tif"
100245;"images/33/100245.tif"
100196;"images/33/100196.tif"
100259;"images/33/100259.tif"
100399;"images/33/100399.tif"
100462;"images/33/100462.tif"
100483;"images/33/100483.tif"
100609;"images/33/100609.tif"
100748;"images/33/100748.tif"
101049;"images/33/101049.tif"
101539;"images/33/101539.tif"
101511;"images/33/101511.tif"
101553;"images/33/101553.tif"
101603;"images/33/101603.tif"
101582;"images/33/101582.tif"
101624;"images/33/101624.tif"
101847;"images/33/101847.tif"
101952;"images/33/101952.tif"
102015;"images/33/102015.tif"
102183;"images/33/102183.tif"
102344;"images/33/102344.tif"
102323;"images/33/102323.tif"
102498;"images/33/102498.tif"
102624;"images/33/102624.tif"
103101;"images/33/103101.tif"
103094;"images/33/103094.tif"
103206;"images/33/103206.tif"
103290;"images/33/103290.tif"
103353;"images/33/103353.tif"
103444;"images/33/103444.tif"
103839;"images/33/103839.tif"
103972;"images/33/103972.tif"
103986;"images/33/103986.tif"
104154;"images/33/104154.tif"
104175;"images/33/104175.tif"
104217;"images/33/104217.tif"
104280;"images/33/104280.tif"
104420;"images/33/104420.tif"
104637;"images/33/104637.tif"
104679;"images/33/104679.tif"
104721;"images/33/104721.tif"
104763;"images/33/104763.tif"
104877;"images/33/104877.tif"
105080;"images/33/105080.tif"
105171;"images/33/105171.tif"
105311;"images/33/105311.tif"
105360;"images/33/105360.tif"
105318;"images/33/105318.tif"
105472;"images/33/105472.tif"
105703;"images/33/105703.tif"
105710;"images/33/105710.tif"
105661;"images/33/105661.tif"
105927;"images/33/105927.tif"
106031;"images/33/106031.tif"
106220;"images/33/106220.tif"
71618;"previews/26/71618_s.jpeg"
97979;"images/33/97979.tif"
98279;"images/33/98279.tif"
98286;"images/33/98286.tif"
98386;"images/33/98386.tif"
98516;"images/33/98516.tif"
98544;"images/33/98544.tif"
98523;"images/33/98523.tif"
98838;"images/33/98838.tif"
98873;"images/33/98873.tif"
99349;"images/33/99349.tif"
99454;"images/33/99454.tif"
99496;"images/33/99496.tif"
99461;"images/33/99461.tif"
99691;"images/33/99691.tif"
99677;"images/33/99677.tif"
99747;"images/33/99747.tif"
100021;"images/33/100021.tif"
100175;"images/33/100175.tif"
100231;"images/33/100231.tif"
100315;"images/33/100315.tif"
100308;"images/33/100308.tif"
100455;"images/33/100455.tif"
100518;"images/33/100518.tif"
100511;"images/33/100511.tif"
100532;"images/33/100532.tif"
100616;"images/33/100616.tif"
100650;"images/33/100650.tif"
100644;"images/33/100644.tif"
100699;"images/33/100699.tif"
100671;"images/33/100671.tif"
100853;"images/33/100853.tif"
100916;"images/33/100916.tif"
100895;"images/33/100895.tif"
101021;"images/33/101021.tif"
101322;"images/33/101322.tif"
101343;"images/33/101343.tif"
101315;"images/33/101315.tif"
101462;"images/33/101462.tif"
101455;"images/33/101455.tif"
101617;"images/33/101617.tif"
101875;"images/33/101875.tif"
101987;"images/33/101987.tif"
102057;"images/33/102057.tif"
102246;"images/33/102246.tif"
102358;"images/33/102358.tif"
102435;"images/33/102435.tif"
102386;"images/33/102386.tif"
102428;"images/33/102428.tif"
102575;"images/33/102575.tif"
102638;"images/33/102638.tif"
102772;"images/33/102772.tif"
102821;"images/33/102821.tif"
102856;"images/33/102856.tif"
103052;"images/33/103052.tif"
102982;"images/33/102982.tif"
103010;"images/33/103010.tif"
103031;"images/33/103031.tif"
103318;"images/33/103318.tif"
103367;"images/33/103367.tif"
103409;"images/33/103409.tif"
103671;"images/33/103671.tif"
103804;"images/33/103804.tif"
103895;"images/33/103895.tif"
104231;"images/33/104231.tif"
104273;"images/33/104273.tif"
104371;"images/33/104371.tif"
104429;"images/33/104429.tif"
104392;"images/33/104392.tif"
104644;"images/33/104644.tif"
104819;"images/33/104819.tif"
104833;"images/33/104833.tif"
105017;"images/33/105017.tif"
105234;"images/33/105234.tif"
105297;"images/33/105297.tif"
105458;"images/33/105458.tif"
105577;"images/33/105577.tif"
105605;"images/33/105605.tif"
105654;"images/33/105654.tif"
105647;"images/33/105647.tif"
105752;"images/33/105752.tif"
105738;"images/33/105738.tif"
105878;"images/33/105878.tif"
106177;"images/33/106177.tif"
106248;"images/33/106248.tif"
66729;"previews/0/66729_s.jpeg"
66732;"thumbnails/0/66732_t.jpeg"
71357;"previews/25/71357_s.jpeg"
98083;"images/33/98083.tif"
98034;"images/33/98034.tif"
98202;"images/33/98202.tif"
98251;"images/33/98251.tif"
98293;"images/33/98293.tif"
98332;"images/33/98332.tif"
98691;"images/33/98691.tif"
98768;"images/33/98768.tif"
98929;"images/33/98929.tif"
98978;"images/33/98978.tif"
98950;"images/33/98950.tif"
98922;"images/33/98922.tif"
99244;"images/33/99244.tif"
99279;"images/33/99279.tif"
99286;"images/33/99286.tif"
99342;"images/33/99342.tif"
99356;"images/33/99356.tif"
99545;"images/33/99545.tif"
99517;"images/33/99517.tif"
99649;"images/33/99649.tif"
99817;"images/33/99817.tif"
99796;"images/33/99796.tif"
100035;"images/33/100035.tif"
100161;"images/33/100161.tif"
100238;"images/33/100238.tif"
100252;"images/33/100252.tif"
100322;"images/33/100322.tif"
100574;"images/33/100574.tif"
100685;"images/33/100685.tif"
100839;"images/33/100839.tif"
100832;"images/33/100832.tif"
100776;"images/33/100776.tif"
100930;"images/33/100930.tif"
101063;"images/33/101063.tif"
101070;"images/33/101070.tif"
101126;"images/33/101126.tif"
101147;"images/33/101147.tif"
101238;"images/33/101238.tif"
101364;"images/33/101364.tif"
101652;"images/33/101652.tif"
101708;"images/33/101708.tif"
101743;"images/33/101743.tif"
101784;"images/33/101784.tif"
101903;"images/33/101903.tif"
101882;"images/33/101882.tif"
101861;"images/33/101861.tif"
102008;"images/33/102008.tif"
102113;"images/33/102113.tif"
102141;"images/33/102141.tif"
102218;"images/33/102218.tif"
102421;"images/33/102421.tif"
102512;"images/33/102512.tif"
102687;"images/33/102687.tif"
102708;"images/33/102708.tif"
102751;"images/33/102751.tif"
102779;"images/33/102779.tif"
102849;"images/33/102849.tif"
102891;"images/33/102891.tif"
102926;"images/33/102926.tif"
103059;"images/33/103059.tif"
103332;"images/33/103332.tif"
103346;"images/33/103346.tif"
103416;"images/33/103416.tif"
103496;"images/33/103496.tif"
103573;"images/33/103573.tif"
103713;"images/33/103713.tif"
103685;"images/33/103685.tif"
104077;"images/33/104077.tif"
104133;"images/33/104133.tif"
104189;"images/33/104189.tif"
104315;"images/33/104315.tif"
104478;"images/33/104478.tif"
104520;"images/33/104520.tif"
104651;"images/33/104651.tif"
104714;"images/33/104714.tif"
104735;"images/33/104735.tif"
105101;"images/33/105101.tif"
105206;"images/33/105206.tif"
105283;"images/33/105283.tif"
105393;"images/33/105393.tif"
105346;"images/33/105346.tif"
105465;"images/33/105465.tif"
105430;"images/33/105430.tif"
105717;"images/33/105717.tif"
105934;"images/33/105934.tif"
106045;"images/33/106045.tif"
106080;"images/33/106080.tif"
106058;"images/33/106058.tif"
106122;"images/33/106122.tif"
106213;"images/33/106213.tif"
72234;"thumbnails/26/72234_t.jpeg"
97924;"images/33/97924.tif"
97959;"images/33/97959.tif"
98171;"images/33/98171.tif"
98216;"images/33/98216.tif"
98258;"images/33/98258.tif"
98398;"images/33/98398.tif"
98416;"images/33/98416.tif"
98453;"images/33/98453.tif"
98733;"images/33/98733.tif"
98726;"images/33/98726.tif"
98761;"images/33/98761.tif"
98698;"images/33/98698.tif"
98866;"images/33/98866.tif"
98824;"images/33/98824.tif"
98901;"images/33/98901.tif"
99139;"images/33/99139.tif"
99153;"images/33/99153.tif"
99475;"images/33/99475.tif"
99601;"images/33/99601.tif"
99881;"images/33/99881.tif"
100119;"images/33/100119.tif"
100280;"images/33/100280.tif"
100329;"images/33/100329.tif"
101014;"images/33/101014.tif"
101043;"images/33/101043.tif"
101098;"images/33/101098.tif"
101161;"images/33/101161.tif"
101448;"images/33/101448.tif"
101666;"images/33/101666.tif"
101722;"images/33/101722.tif"
102163;"images/33/102163.tif"
102170;"images/33/102170.tif"
102253;"images/33/102253.tif"
102337;"images/33/102337.tif"
102309;"images/33/102309.tif"
102351;"images/33/102351.tif"
102456;"images/33/102456.tif"
102540;"images/33/102540.tif"
102526;"images/33/102526.tif"
102617;"images/33/102617.tif"
102722;"images/33/102722.tif"
103143;"images/33/103143.tif"
103185;"images/33/103185.tif"
103283;"images/33/103283.tif"
103388;"images/33/103388.tif"
103465;"images/33/103465.tif"
103580;"images/33/103580.tif"
103699;"images/33/103699.tif"
103762;"images/33/103762.tif"
103958;"images/33/103958.tif"
104070;"images/33/104070.tif"
104063;"images/33/104063.tif"
104056;"images/33/104056.tif"
104161;"images/33/104161.tif"
104548;"images/33/104548.tif"
104597;"images/33/104597.tif"
104630;"images/33/104630.tif"
104805;"images/33/104805.tif"
105136;"images/33/105136.tif"
105108;"images/33/105108.tif"
105192;"images/33/105192.tif"
105213;"images/33/105213.tif"
105505;"images/33/105505.tif"
105864;"images/33/105864.tif"
106150;"images/33/106150.tif"
106114;"images/33/106114.tif"
106157;"images/33/106157.tif"
66729;"thumbnails/0/66729_t.jpeg"
98003;"images/33/98003.tif"
97954;"images/33/97954.tif"
98090;"images/33/98090.tif"
98344;"images/33/98344.tif"
98440;"images/33/98440.tif"
98600;"images/33/98600.tif"
98586;"images/33/98586.tif"
98747;"images/33/98747.tif"
98796;"images/33/98796.tif"
98908;"images/33/98908.tif"
99132;"images/33/99132.tif"
99663;"images/33/99663.tif"
99859;"images/33/99859.tif"
99972;"images/33/99972.tif"
100147;"images/33/100147.tif"
100630;"images/33/100630.tif"
100657;"images/33/100657.tif"
100825;"images/33/100825.tif"
100818;"images/33/100818.tif"
100944;"images/33/100944.tif"
101182;"images/33/101182.tif"
101427;"images/33/101427.tif"
101504;"images/33/101504.tif"
101532;"images/33/101532.tif"
101469;"images/33/101469.tif"
101638;"images/33/101638.tif"
101673;"images/33/101673.tif"
101798;"images/33/101798.tif"
101771;"images/33/101771.tif"
101889;"images/33/101889.tif"
102022;"images/33/102022.tif"
102050;"images/33/102050.tif"
102134;"images/33/102134.tif"
102204;"images/33/102204.tif"
102379;"images/33/102379.tif"
102610;"images/33/102610.tif"
102793;"images/33/102793.tif"
103017;"images/33/103017.tif"
103066;"images/33/103066.tif"
103108;"images/33/103108.tif"
103269;"images/33/103269.tif"
103339;"images/33/103339.tif"
103510;"images/33/103510.tif"
103790;"images/33/103790.tif"
103881;"images/33/103881.tif"
103874;"images/33/103874.tif"
104000;"images/33/104000.tif"
104224;"images/33/104224.tif"
104322;"images/33/104322.tif"
104616;"images/33/104616.tif"
104658;"images/33/104658.tif"
104686;"images/33/104686.tif"
104742;"images/33/104742.tif"
104756;"images/33/104756.tif"
104982;"images/33/104982.tif"
105059;"images/33/105059.tif"
105157;"images/33/105157.tif"
105407;"images/33/105407.tif"
105563;"images/33/105563.tif"
105556;"images/33/105556.tif"
105528;"images/33/105528.tif"
105764;"images/33/105764.tif"
105948;"images/33/105948.tif"
105975;"images/33/105975.tif"
106059;"images/33/106059.tif"
106121;"images/33/106121.tif"
106236;"images/33/106236.tif"
66701;"thumbnails/0/66701_t.jpeg"
72234;"previews/26/72234_s.jpeg"
97974;"images/33/97974.tif"
98024;"images/33/98024.tif"
98350;"images/33/98350.tif"
98428;"images/33/98428.tif"
98509;"images/33/98509.tif"
99034;"images/33/99034.tif"
99237;"images/33/99237.tif"
99363;"images/33/99363.tif"
99482;"images/33/99482.tif"
99643;"images/33/99643.tif"
100042;"images/33/100042.tif"
100105;"images/33/100105.tif"
100133;"images/33/100133.tif"
100385;"images/33/100385.tif"
100371;"images/33/100371.tif"
100350;"images/33/100350.tif"
100490;"images/33/100490.tif"
100553;"images/33/100553.tif"
100720;"images/33/100720.tif"
100741;"images/33/100741.tif"
100734;"images/33/100734.tif"
100860;"images/33/100860.tif"
100958;"images/33/100958.tif"
100993;"images/33/100993.tif"
101077;"images/33/101077.tif"
101231;"images/33/101231.tif"
101287;"images/33/101287.tif"
101308;"images/33/101308.tif"
101392;"images/33/101392.tif"
101441;"images/33/101441.tif"
101525;"images/33/101525.tif"
101490;"images/33/101490.tif"
101561;"images/33/101561.tif"
101701;"images/33/101701.tif"
102071;"images/33/102071.tif"
102078;"images/33/102078.tif"
102127;"images/33/102127.tif"
102239;"images/33/102239.tif"
102393;"images/33/102393.tif"
102477;"images/33/102477.tif"
102505;"images/33/102505.tif"
102589;"images/33/102589.tif"
102730;"images/33/102730.tif"
102975;"images/33/102975.tif"
103171;"images/33/103171.tif"
103423;"images/33/103423.tif"
103503;"images/33/103503.tif"
103472;"images/33/103472.tif"
103748;"images/33/103748.tif"
103832;"images/33/103832.tif"
104021;"images/33/104021.tif"
104301;"images/33/104301.tif"
104329;"images/33/104329.tif"
104378;"images/33/104378.tif"
104457;"images/33/104457.tif"
104450;"images/33/104450.tif"
104471;"images/33/104471.tif"
104506;"images/33/104506.tif"
104784;"images/33/104784.tif"
104940;"images/33/104940.tif"
104968;"images/33/104968.tif"
104989;"images/33/104989.tif"
105045;"images/33/105045.tif"
105087;"images/33/105087.tif"
105164;"images/33/105164.tif"
105227;"images/33/105227.tif"
105521;"images/33/105521.tif"
105626;"images/33/105626.tif"
105682;"images/33/105682.tif"
106072;"images/33/106072.tif"
31052;"previews/381/31052_s.jpeg"
71357;"thumbnails/25/71357_t.jpeg"
97929;"images/33/97929.tif"
98010;"images/33/98010.tif"
98055;"images/33/98055.tif"
98157;"images/33/98157.tif"
98150;"images/33/98150.tif"
98422;"images/33/98422.tif"
98558;"images/33/98558.tif"
98740;"images/33/98740.tif"
98712;"images/33/98712.tif"
98789;"images/33/98789.tif"
98887;"images/33/98887.tif"
99111;"images/33/99111.tif"
99118;"images/33/99118.tif"
99328;"images/33/99328.tif"
99426;"images/33/99426.tif"
99440;"images/33/99440.tif"
99468;"images/33/99468.tif"
99726;"images/33/99726.tif"
99909;"images/33/99909.tif"
99930;"images/33/99930.tif"
100112;"images/33/100112.tif"
100497;"images/33/100497.tif"
100476;"images/33/100476.tif"
100434;"images/33/100434.tif"
100602;"images/33/100602.tif"
100713;"images/33/100713.tif"
100874;"images/33/100874.tif"
100923;"images/33/100923.tif"
101000;"images/33/101000.tif"
100979;"images/33/100979.tif"
101294;"images/33/101294.tif"
101546;"images/33/101546.tif"
101659;"images/33/101659.tif"
101680;"images/33/101680.tif"
101778;"images/33/101778.tif"
102001;"images/33/102001.tif"
102372;"images/33/102372.tif"
102400;"images/33/102400.tif"
102568;"images/33/102568.tif"
102603;"images/33/102603.tif"
102631;"images/33/102631.tif"
103136;"images/33/103136.tif"
103199;"images/33/103199.tif"
103248;"images/33/103248.tif"
103531;"images/33/103531.tif"
103594;"images/33/103594.tif"
103566;"images/33/103566.tif"
103706;"images/33/103706.tif"
103776;"images/33/103776.tif"
103916;"images/33/103916.tif"
104028;"images/33/104028.tif"
104119;"images/33/104119.tif"
104287;"images/33/104287.tif"
104436;"images/33/104436.tif"
104791;"images/33/104791.tif"
104749;"images/33/104749.tif"
104884;"images/33/104884.tif"
104847;"images/33/104847.tif"
104975;"images/33/104975.tif"
105024;"images/33/105024.tif"
105052;"images/33/105052.tif"
105491;"images/33/105491.tif"
105589;"images/33/105589.tif"
105766;"images/33/105766.tif"
105759;"images/33/105759.tif"
105836;"images/33/105836.tif"
105857;"images/33/105857.tif"
105892;"images/33/105892.tif"
105955;"images/33/105955.tif"
66732;"previews/0/66732_s.jpeg"
71683;"previews/26/71683_s.jpeg"
97939;"images/33/97939.tif"
97969;"images/33/97969.tif"
97994;"images/33/97994.tif"
98237;"images/33/98237.tif"
98362;"images/33/98362.tif"
98446;"images/33/98446.tif"
98495;"images/33/98495.tif"
98537;"images/33/98537.tif"
98502;"images/33/98502.tif"
98565;"images/33/98565.tif"
98684;"images/33/98684.tif"
99006;"images/33/99006.tif"
99083;"images/33/99083.tif"
99125;"images/33/99125.tif"
99202;"images/33/99202.tif"
99195;"images/33/99195.tif"
99174;"images/33/99174.tif"
99272;"images/33/99272.tif"
99307;"images/33/99307.tif"
99447;"images/33/99447.tif"
99524;"images/33/99524.tif"
99552;"images/33/99552.tif"
99789;"images/33/99789.tif"
99888;"images/33/99888.tif"
99937;"images/33/99937.tif"
99993;"images/33/99993.tif"
100014;"images/33/100014.tif"
100098;"images/33/100098.tif"
100301;"images/33/100301.tif"
100357;"images/33/100357.tif"
100567;"images/33/100567.tif"
100560;"images/33/100560.tif"
100616;"previews/33/100616_s.jpeg"
101028;"images/33/101028.tif"
101091;"images/33/101091.tif"
101112;"images/33/101112.tif"
101119;"images/33/101119.tif"
101189;"images/33/101189.tif"
101413;"images/33/101413.tif"
101483;"images/33/101483.tif"
101645;"images/33/101645.tif"
101687;"images/33/101687.tif"
101729;"images/33/101729.tif"
101764;"images/33/101764.tif"
101840;"images/33/101840.tif"
101959;"images/33/101959.tif"
101966;"images/33/101966.tif"
102029;"images/33/102029.tif"
102274;"images/33/102274.tif"
102365;"images/33/102365.tif"
102330;"images/33/102330.tif"
102484;"images/33/102484.tif"
102470;"images/33/102470.tif"
102582;"images/33/102582.tif"
102645;"images/33/102645.tif"
102666;"images/33/102666.tif"
102786;"images/33/102786.tif"
102744;"images/33/102744.tif"
102863;"images/33/102863.tif"
103080;"images/33/103080.tif"
103073;"images/33/103073.tif"
103262;"images/33/103262.tif"
103493;"images/33/103493.tif"
103622;"images/33/103622.tif"
103664;"images/33/103664.tif"
103769;"images/33/103769.tif"
103818;"images/33/103818.tif"
103853;"images/33/103853.tif"
103909;"images/33/103909.tif"
103993;"images/33/103993.tif"
104098;"images/33/104098.tif"
104126;"images/33/104126.tif"
104140;"images/33/104140.tif"
104399;"images/33/104399.tif"
104770;"images/33/104770.tif"
104961;"images/33/104961.tif"
105010;"images/33/105010.tif"
105094;"images/33/105094.tif"
105199;"images/33/105199.tif"
105423;"images/33/105423.tif"
105633;"images/33/105633.tif"
105519;"images/33/105519.tif"
105745;"images/33/105745.tif"
105871;"images/33/105871.tif"
106038;"images/33/106038.tif"
106010;"images/33/106010.tif"
106101;"images/33/106101.tif"
106234;"images/33/106234.tif"
106191;"images/33/106191.tif"
